{"cameraMode":{"drawMode":0,"name":"Shaded","section":"Shading Mode"},"sceneLighting":false,"audioPlay":false,"sceneViewState":{"showFog":true,"showMaterialUpdate":false,"showSkybox":false,"showFlares":true,"showImageEffects":true,"showParticleSystems":true},"in2DMode":false,"pivot":{"x":-30.820823669433595,"y":7.693553924560547,"z":81.0138931274414},"rotation":{"x":-0.12948274612426759,"y":0.7428287267684937,"z":-0.15043169260025025,"w":-0.6393859386444092},"size":0.7091230154037476,"orthographic":false}