{"cameraMode":{"drawMode":0,"name":"Shaded","section":"Shading Mode"},"sceneLighting":false,"audioPlay":false,"sceneViewState":{"showFog":true,"showMaterialUpdate":false,"showSkybox":false,"showFlares":true,"showImageEffects":true,"showParticleSystems":true},"in2DMode":false,"pivot":{"x":-0.03946077823638916,"y":0.8106319904327393,"z":-0.04287058115005493},"rotation":{"x":-0.18254207074642182,"y":0.3129582703113556,"z":-0.06142503768205643,"w":-0.9300389289855957},"size":1.1273442506790162,"orthographic":false}