{"cameraMode":{"drawMode":0,"name":"Shaded","section":"Shading Mode"},"sceneLighting":true,"audioPlay":false,"sceneViewState":{"showFog":true,"showMaterialUpdate":false,"showSkybox":true,"showFlares":true,"showImageEffects":true,"showParticleSystems":true},"in2DMode":false,"pivot":{"x":-19.637367248535158,"y":6.551881790161133,"z":72.22454071044922},"rotation":{"x":0.003235973184928298,"y":0.9811416864395142,"z":-0.19257201254367829,"w":0.01648535765707493},"size":53.64439010620117,"orthographic":false}